order,title,screen_id,html_url,image_url,target_route,status
1,Homepage - Heritage Tailoring,67c84fe27aaf4856b85c09d313da8d8a,https://contribution.usercontent.google.com/download?c=CgthaWRhX2NvZGVmeBJ6Eh1hcHBfY29tcGFuaW9uX2dlbmVyYXRlZF9maWxlcxpZCiVodG1sXzAwMDY1MjNmOTUxM2E3OTMwMWVlNjk1ZTIyMTBmNGZlEgoSBhDpiv7iLxgBkgEjCgpwcm9qZWN0X2lkEhVCEzg1OTg0NTIyNDEyOTUwNzQ2ODk&filename=&opi=89354086,https://lh3.googleusercontent.com/aida/ADBb0ujrUcJCBo8t-lFKQ8IAAmv3HKTjw3SdFeAYCP_JWwH38eHd4Cm76zfKN0D0U1Kli7RSdzMoJ7YOR4JFPwQ9JLIZD9gfYbVI9o6faaAhEUqooKD3EMsGaJjag6JpxD6xpnPx6ocZ-zHNdnn_gvRfjyzM3rl3288YJ134CT50bC8keMfUc4sZB8Fy1E6MC_ruFj3w-_dHpPzshVu_5NSs1p2B6KORM2R3UDs37kFVK_GNlrZWu5_lw1O5dA,/,ready
2,Traditional Clothing - Heritage Tailoring (Updated),34eae86e999440a385c2d4fd43d0bb45,https://contribution.usercontent.google.com/download?c=CgthaWRhX2NvZGVmeBJ6Eh1hcHBfY29tcGFuaW9uX2dlbmVyYXRlZF9maWxlcxpZCiVodG1sXzAwMDY1MjNmOTRiNDQyNmEwOTI1YzFjZjhkMzgxNDQyEgoSBhDpiv7iLxgBkgEjCgpwcm9qZWN0X2lkEhVCEzg1OTg0NTIyNDEyOTUwNzQ2ODk&filename=&opi=89354086,https://lh3.googleusercontent.com/aida/ADBb0ugZu_SIclri4nz7lcpFeut2Sw2qc4_h2GMI3ICeUxq7d_udjBBAlRARxpz7R3zYWyTWtZ_C4F5A4AM0Knk7NsRvtNOEO2ikROjUWBmkQ52kRH0uRIdCv1vjYsU4ZqkuJs_9tkwOMJeKaKPkZexRLE3s2YZztzLmoRNzoOJKD4Yq9K1TuInxnT_532P32MXOONAqomPALcxBosr6Fq-eETgRlu-2ZuSZ8BOGnJCJRJWtKLpEYBSv0fwx7A,/catalog?tab=traditional,ready
3,Tailoring Tools - Heritage Tailoring,4db2b1c140204cc9b8730da21d27a09a,https://contribution.usercontent.google.com/download?c=CgthaWRhX2NvZGVmeBJ6Eh1hcHBfY29tcGFuaW9uX2dlbmVyYXRlZF9maWxlcxpZCiVodG1sXzAwMDY1MjNmOTRhN2NlNWQwMDMwM2FkZDgwMjEyMDAxEgoSBhDpiv7iLxgBkgEjCgpwcm9qZWN0X2lkEhVCEzg1OTg0NTIyNDEyOTUwNzQ2ODk&filename=&opi=89354086,https://lh3.googleusercontent.com/aida/ADBb0ujgWnyDuwTG0yjTGfRtVamjHC64ocIQ_8oFSz1RX2kSadgA3WSn_V5VRyHUhBHXt9ZmJAwz8EGY7n-afswb0cDHeJ_iuPYnOPUMWvE8QRk7GI8vQ_h3EoWJUKMis7zTLZ1thldcyNfND-qLfdDCvICfY1kNS5UiGCYBKKbFSlgmG9Gm7TLwMN8jLBQrla5aVZSZ8h2brkX4WaFI31b_ULOrQO3CGdgJJpwNbTrpzaJDO3BeG-b0-fXy,/catalog?tab=tools,ready
4,Premium Glass Seed Beads - Details,790bc7395ef247c5b650d8a4e6588730,https://contribution.usercontent.google.com/download?c=CgthaWRhX2NvZGVmeBJ6Eh1hcHBfY29tcGFuaW9uX2dlbmVyYXRlZF9maWxlcxpZCiVodG1sXzAwMDY1MjNmOTRmNTA4ZmQwODhlYjczNzQ2MTZkYTc5EgoSBhDpiv7iLxgBkgEjCgpwcm9qZWN0X2lkEhVCEzg1OTg0NTIyNDEyOTUwNzQ2ODk&filename=&opi=89354086,https://lh3.googleusercontent.com/aida/ADBb0uiDWyE5aQ60zzVQkMPfJcyieRvmhsN8mLGldo_EvGbnmoIlekbaPF-ZvlnbDfujJHHNEGnIBmBQXRyhqjMdd5zF-X7UiMhff-N2J9pqUVO3AIdzk6zbeVtiz6RewT4M1JousolJr7rllyC2ot-p5EpDXqTGLmSzNOk7svOlq0-KtZkJeSquOy3lky8otREGhrrhCH_FOKuq4sFONb5hjAJT_ULQOElmc7701L_BhP_iZJNChEna9lQQAw,/products/premium-glass-seed-beads,ready
5,Design System,asset-stub-assets-6bba25e210bd44c3a7c33c10c553b733-1779227066713,,,design-system,token-source
6,Design System,asset-stub-assets-74f14d30c2b9423b95ca56102975ad60-1779265690867,,,design-system,token-source
7,Updated Rental Catalog - Heritage Tailoring,b0ebea72d2d446b2925dbea77bf51cb9,https://contribution.usercontent.google.com/download?c=CgthaWRhX2NvZGVmeBJ6Eh1hcHBfY29tcGFuaW9uX2dlbmVyYXRlZF9maWxlcxpZCiVodG1sXzAwMDY1MjNmOTUwNjZhZGYwMzgzOGRhODc4MTM2Mjc1EgoSBhDpiv7iLxgBkgEjCgpwcm9qZWN0X2lkEhVCEzg1OTg0NTIyNDEyOTUwNzQ2ODk&filename=&opi=89354086,https://lh3.googleusercontent.com/aida/ADBb0ugsLgdeLx-hb-eEqHywt3eJNtJvxftdKpXWr1Y0CGXJvm-dQu0gfMt7aswoSiaiiErnlALbSuUSQ042LvpaQAwL4xxAdl6cf38_bqAjmFAKHK3KpdoY_aFM1_gZL4dca9oLpHAJ-T_5z9M71ffgMPsqHxe22fOOMGqsWsm1UNQw2agcwDLLchynNDOlIeDK6ghNsruLepML8PS5fE6bobxj8ctOYnMyEbAN6V62X6_BerjjnlUShCcvgA,/catalog?tab=rental,ready
8,Premium Brocade Lace - Details,dcd3ea8749c54abb884727ae3c73a94e,https://contribution.usercontent.google.com/download?c=CgthaWRhX2NvZGVmeBJ6Eh1hcHBfY29tcGFuaW9uX2dlbmVyYXRlZF9maWxlcxpZCiVodG1sXzAwMDY1MjNmOTRlMzkxMWYwMjA3YTNmZDY0MWM3ZjY5EgoSBhDpiv7iLxgBkgEjCgpwcm9qZWN0X2lkEhVCEzg1OTg0NTIyNDEyOTUwNzQ2ODk&filename=&opi=89354086,https://lh3.googleusercontent.com/aida/ADBb0ujUP9dGHG6YxdeBgrOCjJP4NknTx3fpRntOPhBVgE4t_v1n4zVMTqaivbu0e90tEsyNgvdtaayY_JBqa_Bb8r71AcwC_UpbEOijDSSfPbhwM7BiIZbL63Dn_zeiuuKyxiENBEZPjBLGEAy58hCQgpOhbqhJ2ivwKrLvdSn1-_s0MSZLkB8miNzUlKTgJ8Iot-x70fPEQqDUmzCTszpoEUhWjUC-G-ieNzqeEPryc2vNcM7yh8rX9FyDgQ,/products/premium-brocade-lace,ready
9,Gingher Shears - Tool Details,e066d9aa4eeb4de5a25cfae580ebdd8c,https://contribution.usercontent.google.com/download?c=CgthaWRhX2NvZGVmeBJ6Eh1hcHBfY29tcGFuaW9uX2dlbmVyYXRlZF9maWxlcxpZCiVodG1sXzAwMDY1MjNmOTUzNGQ2ODQwNTQ5ZmNmNzhmMmM2NzIyEgoSBhDpiv7iLxgBkgEjCgpwcm9qZWN0X2lkEhVCEzg1OTg0NTIyNDEyOTUwNzQ2ODk&filename=&opi=89354086,https://lh3.googleusercontent.com/aida/ADBb0ujCSq2qRuVVl_MXSzLVItpJixrAM0dHv9T552XQoWstkOc6U4SAroLtkAlJ_wnL0rjoczQEc0f14GuwKJrekozeyEenKpCKFODeictrhoGDklJ3utt1wyuD1ADJ4VTXpFBgsl0mBUA0Mq9ANb8SvPwjvXN2Syi_dqQvkQ661iLubaWUUK85q5-mj_RbGcA8TqZv6fjsqsECMfkkWC0GW9oVDcVHdgkZadzYoUVn0pMOUkmfOFKEJEimNQ,/products/gingher-shears-tool,ready
10,Materials Catalog - Including Beads,fddc3074bba144698054337fae0a7e2a,https://contribution.usercontent.google.com/download?c=CgthaWRhX2NvZGVmeBJ6Eh1hcHBfY29tcGFuaW9uX2dlbmVyYXRlZF9maWxlcxpZCiVodG1sXzAwMDY1MjNmOTU1MmM2NWUwMDMwMzQ2M2NlMjI0ZDE5EgoSBhDpiv7iLxgBkgEjCgpwcm9qZWN0X2lkEhVCEzg1OTg0NTIyNDEyOTUwNzQ2ODk&filename=&opi=89354086,https://lh3.googleusercontent.com/aida/ADBb0uh59Kwa3MayYJKZGXDh-QZZ7e5zFq2CC38t5UMt6oeFS5gVF7fyAR7IB1i1l0Tg0qTeyhirED8Z0T56EObq9WMFvRnWusiSn6xepVww_nfzDVpjt5R2yYwQpu1drySqejj3CDlQYz66lhaTYmFgvASdSjJpaoTqnvVWNLYIk48ia1-1jGtTbrn6uhhz8vJlLQfFYCUJBn9h3w4vawck4B7r0bl9OnZD-94MbKfqG3DRBuIJFOPqZJq0WQ,/catalog?tab=materials,ready
11,Premium Javanese Beskap - Details,18edeffe4eda4836ac07cfd0a19be61c,https://contribution.usercontent.google.com/download?c=CgthaWRhX2NvZGVmeBJ6Eh1hcHBfY29tcGFuaW9uX2dlbmVyYXRlZF9maWxlcxpZCiVodG1sXzAwMDY1MjNmOTQ5ZDNiMGUwMWE2MmY5MzFmMTFmM2YxEgoSBhDpiv7iLxgBkgEjCgpwcm9qZWN0X2lkEhVCEzg1OTg0NTIyNDEyOTUwNzQ2ODk&filename=&opi=89354086,https://lh3.googleusercontent.com/aida/ADBb0uh2f4quMYBsxgQaFTN7G7mo8A7WZPeasM7uOF0xd7P3g151kq5Riakjrcgwo5b5wBdWZuSGtxN-A1McTUnC-lnD-TbMKMpOKy8MDjLY4rp9c3ztmpmM8oNEZa0F1_YmTajRU43tayJfdeAzOn5l_lMD_JDHVgksGLcEx0cliGE6suX-8Qi50fVybzGPVfjh_kBzEgx5XKdIaW3KKTel3ibHf0Tl-RIBFVWw6m_kNIoQckXJoTBqE3K8Ug,/products/premium-javanese-beskap,ready
12,Services - Heritage Tailoring,579869a81daf4d7588ada4cf98677262,https://contribution.usercontent.google.com/download?c=CgthaWRhX2NvZGVmeBJ6Eh1hcHBfY29tcGFuaW9uX2dlbmVyYXRlZF9maWxlcxpZCiVodG1sXzAwMDY1MjNmOTUyMjhiYWIwNjM5NTYwMGNkMGE2MGFmEgoSBhDpiv7iLxgBkgEjCgpwcm9qZWN0X2lkEhVCEzg1OTg0NTIyNDEyOTUwNzQ2ODk&filename=&opi=89354086,https://lh3.googleusercontent.com/aida/ADBb0ujvr0NFWKN_ShuPWc_s4eYd4EoPb_IsgNvL-5iiXfDidEDlq_IDujNjhI3Exq_x9YGrhdnPZ2OgPCC9LVx3bdodCXC2NNY63UtMSIWwwIb8_6v6X_pUrGKPO7ADr4hLpGXC6de9HIrbVSD6DlYy_Zu2QND6dJPmP2lZHB--4cAi2AtlsbdgqFSN2vA_DQCp45bqyIliRxktTLVDWSIuQPfDXeY8SXhMOjYGwjTXY1SAK632c-l7VMbeiw,/services,ready
